{"cameraMode":{"drawMode":0,"name":"Shaded","section":"Shading Mode"},"sceneLighting":true,"audioPlay":false,"sceneViewState":{"m_AlwaysRefresh":false,"showFog":true,"showSkybox":true,"showFlares":true,"showImageEffects":true,"showParticleSystems":true,"showVisualEffectGraphs":true,"m_FxEnabled":true},"in2DMode":false,"pivot":{"x":-0.12732243537902833,"y":-1.2903680801391602,"z":4.8271331787109379},"rotation":{"x":-0.199858158826828,"y":0.16865098476409913,"z":-0.03494475036859512,"w":-0.964563250541687},"size":3.5257129669189455,"orthographic":false}